BIN;Bank
220001;Банк ГПБ (АО)
220002;РНКБ Банк (ПАО)
220003;"ПАО ""Промсвязьбанк"""
220004;"АО ""Банк Русский Стандарт"""
220005;"ПАО ""РГС Банк"""
220006;"ПАО ""Промсвязьбанк"""
220007;"АО ""ГЕНБАНК"""
220008;"АО ""АБ ""РОССИЯ"""
220009; ПАО «Челиндбанк» 
220010;"АО ""ВБРР"""
220011;"Банк ""Левобережный"" (ПАО)"
220013;"ПАО ""Запсибкомбанк"""
220014;"АО ""КС БАНК"""
220015;"АО ""АЛЬФА-БАНК"""
220016;"ПАО ""ЧЕЛЯБИНВЕСТБАНК"""
220017;"ПАО КБ ""Центр-инвест"""
220018;"АО ""Банк СГБ"""
220019;"ПАО ""БАНК УРАЛСИБ"""
220020; ПАО «Промсвязьбанк» 
220021; ПАО Банк «Александровский» 
220022;"ПАО Банк ""ФК Открытие"""
220023;"ПАО АКБ ""АВАНГАРД"""
220024; ПАО «Банк ВТБ» 
220025;СДМ-Банк (ПАО)
220026;"ПАО ""МОСКОВСКИЙ КРЕДИТНЫЙ БАНК"""
220027;"ПАО ""Совкомбанк"""
220028;"ПАО ""МТС-Банк"""
220029;"ПАО Банк ""ФК Открытие"""
220030;"АО ""Райффайзенбанк"""
220031;"Банк ""Возрождение"" (ПАО)"
220032;"ПАО БАНК ""СИАБ"""
220033;"ПАО ""Банк ""Санкт-Петербург"""
220034;"АО ""Кредит Европа Банк (Россия)"""
220036;"ПАО ""Татфондбанк"""
220038;"АО ""Россельхозбанк"""
220039;ПАО РОСБАНК
220040;Банк ВТБ (ПАО)
220041;"ОАО АК ""БайкалБанк"""
220042;"АО ""Банк Дом.РФ"""
220044;"Банк ""ВПБ"" (АО)"
220045;"ПАО КБ ""УБРиР"""
220048; АО «Банк Синара» 
220049; АО «Ингосстрах Банк»
220050;"ООО ""ХКФ Банк"""
220052; Банк ИПБ (АО) («ИНТЕРПРОГРЕССБАНК» (АО)) 
220053;"ПАО ""АК БАРС"" БАНК"
220054; АО «Дальневосточный Банк» 
220055;"АКБ ""Алмазэргиэнбанк"" АО"
220056;"Банк ""КУБ"" (АО)"
220057;"РНКО ""Платежный Центр"" (ООО)"
220058;"АО БАНК ""СНГБ"""
220059;ТКБ БАНК ПАО
220060;Азиатско-Тихоокеанский Банк (АО)
220062;ПАО Банк ЗЕНИТ
220065;Банк ВТБ (ПАО)
220066; ПАО СКБ Приморья «Примсоцбанк» 
220067; ПАО АКБ «Приморье» 
220068;"ПАО ""Уралтрансбанк"""
220069;"АО КБ ""Хлынов"""
220070;"АО ""Тинькофф Банк"""
220071;"ПАО КБ ""Восточный"""
220073;КИВИ Банк АО
220074;"ПАО ""Совкомбанк"""
220075;"ООО ""Примтеркомбанк"""
220076;РНКБ Банк (ПАО)
220077;"АО ""Почта Банк"""
220078;"АО АИКБ ""Енисейский объединенный банк"""
220079;"АО ""ГУТА-БАНК"""
220081;"ПАО Банк ""ВВБ"""
220082;Муниципальный Камчатпрофитбанк (АО)
220083;ПАО Ставропольпромстройбанк
220084;АО ЮниКредит Банк
220085;"АКБ ""Спурт"" (ПАО)"
220087;"АО ""БАНК ОРЕНБУРГ"""
220088;"АО ""РФИ БАНК"""
220089;"АО Банк ""Венец"""
220091;"АО ""Датабанк"""
220092;Нацинвестпромбанк (АО)
220093;"АО ""ТАТСОЦБАНК"""
220094;"АКБ ""ЕНИСЕЙ"" (ПАО)"
220095;"КБ ""Кубань Кредит"" ООО"
220096;"ПАО ""Банк ""Екатеринбург"""
220097;"ООО ""Хакасский муниципальный банк"""
220098;"АКБ ""ФОРА-БАНК"" (АО)"
220099;"АО ""Банк ""Агророс"""
220100; РНКО «Платежный Центр» (ООО) (Банк России) 
220102;"АО ""ТРОЙКА-Д БАНК"""
220103;"АО ""МТИ Банк"""
220104;"АО КБ ""ЮНИСТРИМ"""
220106;"ООО БАНК ""АВЕРС"""
220107;"АКБ ""АлтайБизнес-Банк"" (АО)"
220108;"АО ""Банк ""Вологжанин"""
220109;"АКИБ ""ОБРАЗОВАНИЕ"" (АО)"
220110;ПАО Банк ЗЕНИТ
220111;"ООО ""Банк БКФ"""
220112;"АО ""Кузнецкбизнесбанк"""
220113;ПАО Банк ЗЕНИТ
220115;"АО ""АК Банк"""
220116;"АО КБ ""Ситибанк"""
220117;"АО ""Автоградбанк"""
220118;"ООО КБ ""Жилкредит"""
220119;"Банк ""Снежинский"" АО"
220120;"АО Банк ""Национальный стандарт"""
220121;"АО КБ ""ИНТЕРПРОМБАНК"""
220122;"АО АКБ ""ЕВРОФИНАНС МОСНАРБАНК"""
220123;"ООО Банк ""Саратов"""
220124;"Банк ""Первомайский"" (ПАО)"
220125;"КБ ""ЭНЕРГОТРАНСБАНК"" (АО)"
220126;"КБ ""МФБанк"" ООО"
220127;"ПАО ""РосДорБанк"""
220128;"ООО ""банк Раунд"""
220129;"ООО ""Земский банк"""
220130;"АО ""Банк ЧБРР"""
220132;"АО ""ВУЗ-банк"""
220133;"ПАО ""Норвик Банк"""
220134;ББР Банк (АО)
220135;"АКБ ""НООСФЕРА"" (АО)"
220136;"АКБ ""Трансстройбанк"" (АО)"
220140;"АО ""Газэнергобанк"""
220141;"АО ""АКТИВ БАНК"""
220142;"КБ ""Гарант-Инвест"" (АО)"
220143;"ПАО ""КВАНТ МОБАЙЛ БАНК"""
220144;СИБСОЦБАНК ООО
220146;ЮГ-Инвестбанк (ПАО)
220147; АО «Экспобанк» 
220148;"Банк ""ИТУРУП"" (ООО)"
220149;"АО КБ ""АГРОПРОМКРЕДИТ"""
220150;"АО Банк ""ПСКБ"""
220151;"КБ ""Крокус-Банк"" (ООО)"
220152;"АО ""НК Банк"""
220153;"ПАО ""Промсвязьбанк"""
220154;Братский АНКБ АО
220155;"ООО банк ""Элита"""
220156;АО АКБ НОВИКОМБАНК
220157;"ООО ""Камкомбанк"""
220158;"ООО КБ ""КОЛЬЦО УРАЛА"""
220159;Северный Народный Банк (ПАО)
220160;КБ ЛОКО-БАНК АО
220162;"ПАО Банк ""Кузнецкий"""
220164;"АО АКБ ""ГАЗБАНК"""
220165;"АО ""ГОРБАНК"""
220166;"АКБ ""Форштадт"" (АО)"
220167;"АО ""УРАЛПРОМБАНК"""
220168;ПАО БАЛТИНВЕСТБАНК
220169;"ПАО ""Витабанк"""
220170;"АКБ ""Энергобанк"" (ПАО)"
220171;"АО ""ТЭМБР-БАНК"""
220172;"АО ""Банк Финсервис"""
220173;"Банк ""Таатта"" АО"
220174;"АКБ ""ЧУВАШКРЕДИТПРОМБАНК"" (ПАО)"
220175;"АО КБ ""Ассоциация"""
220177;ООО ПИР БАНК
220178;МОРСКОЙ БАНК (АО)
220180;"АО БАНК ""НБТ"""
220181;"АО ""БАНК ОРЕНБУРГ"""
220182;"ПАО ""Камчаткомагропромбанк"""
220183;"ООО КБ ""Конфиденс Банк"""
220184;"АО КБ ""ИС Банк"""
220185;Тимер Банк (АО)
220186;"ООО ""АЛТЫНБАНК"""
220187;"АО ""ВЛАДБИЗНЕСБАНК"""
220188;"ПАО ""БЫСТРОБАНК"""
220189;"АКБ ""Мосуралбанк"" (АО)"
220190;"ООО КБ ""ПЛАТИНА"""
220191;ООО БАНК РСИ
220192;"КБ ""НМБ"" ООО"
220193;КБ СЕВЕРНЫЙ КРЕДИТ (АО)
220194;"АО БАНК ""ОБЪЕДИНЕННЫЙ КАПИТАЛ"""
220195; АО «Банк Акцепт» 
220196;"АО ""ОТП Банк"""
220197;"АКБ ""Абсолют Банк"" (ПАО)"
220198;"ООО РНКО ""ИСБ"""
220199;АО СОЛИД БАНК
220200;ООО КБ АНЕЛИК РУ
220201;АО БАНК МОСКВА-СИТИ
220206;"Банк ""Новый Символ"" (АО)"
220207;"АКБ ""СЛАВИЯ"" (АО)"
220208;"АО КБ ""Приобье"""
220209;"АО ""РЕАЛИСТ БАНК"""
220210;Таврический Банк (АО)
220211;"АО КБ ""Модульбанк"""
220212;АО МОСКОМБАНК
220213;ПАО Банк КУРГАН
220214;"АО КБ ""УРАЛ ФД"""
220215;"ООО КБ ""Мегаполис"""
220216;"БАНК ""ПРАЙМ ФИНАНС"" (АО)"
220217;"ПАО ""АКИБАНК"""
220218;Банк Заречье (АО)
220219;"ПАО ""Невский Банк"""
220220;ПАО Сбербанк
220221;"АО ""ИК БАНК"""
220222;"ООО ""РУСБС"""
220223;"ООО КБ ""Алтайкапиталбанк"""
220224; ПАО «Банк ВТБ» 
220225;АО БАНК ККБ
220226;"ООО ""КОСТРОМАСЕЛЬКОМБАНК"""
220227;"Банк ""АГОРА"" ООО"
220228;"АО ""НС БАНК"""
220229;"АО АКИБ ""ПОЧТОБАНК"""
220230;"АО ""НДБанк"""
220231;"АО ""УГЛЕМЕТБАНК"""
220232;"АО ""Кредпромбанк"""
220233;"АО ""НВКбанк"""
220234;"ООО ""УралКапиталБанк"""
220235;Русьуниверсалбанк (ООО)
220236;Банк Пермь (АО)
220237;ООО КБЦА
220238;"АО ""Нефтепромбанк"""
220239;Банк ПТБ (ООО)
220240;"АО КБ ""НИБ"""
220241;"ООО ""Экспобанк"""
220242;"АО ""РТС-Банк"""
220243;"АО ""ТАГИЛБАНК"""
220244;КБ НОВОЕ ВРЕМЯ (ООО)
220245;"МБО ""ОРГБАНК"" (ООО)"
220246;"ООО КБ ""Лайтбанк"""
220247;"АКБ ""ПРОМИНВЕСТБАНК"" (ПАО)"
220248;"ООО КБ ""Аксонбанк"""
220249;АО КБ СОЛИДАРНОСТЬ
220250;"АКБ ""КРЫЛОВСКИЙ"" (АО)"
220251;"АКБ ""ИНКАРОБАНК"" (АО)"
220252;"ПАО ""Совкомбанк"""
220253;АО АКБ АЛЕФ-БАНК
220254;"ООО МИБ ""ДАЛЕНА"""
220255;"ПАО ""НИКО-БАНК"""
220256;"ПАО УКБ ""НОВОБАНК"""
220257;"ООО ""ЖИВАГО БАНК"""
220258;"АКБ ""ЛАНТА-БАНК"" (АО)"
220259;"ПАО ""НБД-Банк"""
220260;"БАНК ""НЕЙВА"" ООО"
220261;КБ ЭКОНОМИКС-БАНК ООО
220262;"АО ""Первый Дортрансбанк"""
220263;ООО КБ ФПК
220264;"АКБ ""ЦЕНТРОКРЕДИТ"" (АО)"
220266;"ПАО ""О.К. БАНК"""
220267;"ООО КБ ""ГТ БАНК"
220268;АО КОШЕЛЕВ-БАНК
220269;"КБ ""РБА"" (ООО)"
220270;"ООО КБ ""ЕВРОАЗИАТСКИЙ ИНВЕСТИЦИОННЫЙ БАНК"""
220271;"АО КБ ""РУСНАРБАНК"""
220272;"КБ ""СТРОЙЛЕСБАНК"" (ООО)"
220274;"ПАО ""ТОМСКПРОМСТРОЙБАНК"""
220275;"АКБ ""Мастер-Капитал"" (ОАО)"
220276;"КБ ""Русский  ипотечный банк"" (ООО)"
220277;ИНГ БАНК (ЕВРАЗИЯ) АО
220278;"АО ""Тольяттихимбанк"""
220279;"КБ ""Долинск"" (АО)"
220280;"АО  РНКО ""ХОЛМСК"""
220281;АО ИШБАНК
220282;"АКБ ""РУССОБАНК"" (АО)"
220283;ООО ЮРБ
220284;"ООО ИКБ ""ЛОГОС"""
220285;"КБ ""Байкалкредобанк"" (АО)"
220286;ПАО БАНК ПРЕМЬЕР КРЕДИТ
220287;"ОАО АКБ ""ЭЛЬБИН"""
220288;"АО ""ВостСибтранскомбанк"""
220289;"ООО ""Осколбанк"""
220290;"АО КБ ""ИВАНОВО"""
220291;Банк Кремлевский ООО
220292;"Банк МБА-МОСКВА"" ООО"
220293;"АО ""Гринкомбанк"""
220294;"АО КБ ""Златкомбанк"""
220295;БАНК РМП (АО)
220296;"ООО ""АТБ"" Банк"
220297;"АО ""Эксперт Банк"""
220298;"КБ ""МКБ"" (ПАО)"
220299;"ООО ""Чайна Констракшн Банк"""
220300;АО ЕАТПБанк
220301;"ПАО ""ЭНЕРГОМАШБАНК"""
220302;"АО ""РМБ"" БАНК"
220303;"КБ ""МОСКОММЕРЦБАНК"" АО"
220304;"ПАО АКБ ""Акцент"""
220305;"АО БАНК ""Ермак"""
220306;"ООО КБ ""АРЕСБАНК"""
220307;"ООО КБ ""СОЮЗНЫЙ"""
220308;БАНК ГЛОБУС (АО)
220309;"ООО КБ ""ПРЕОДОЛЕНИЕ"""
220310;"АО ""Заубер Банк"""
220311;"АО ""Банк ЖилФинанс"""
220312;"АО ""ТЕКСБАНК"""
220313;"КБ ""Спутник"" (ПАО)"
220314;"АО ""Первый Инвестиционный Банк"""
220315;АКБ НРБАНК АО
220316;"АО ""ПРОБАНК"""
220317;"Банк ""Нальчик"" ООО"
220318;"Банк ""Солидарность"" (АО)"
220319;"АО ""Банк Воронеж"""
220320;"ООО КБ ""Славянский кредит"""
220321;"АО ""Кранбанк"""
220322;ООО КБ РОСТФИНАНС
220324;Прио-Внешторгбанк (ПАО)
220325;"АО БАНК ""ТКПБ"""
220326;"АБ ""АСПЕКТ"" (АО)"
220327;"АКБ ""Московский Вексельный Банк"" (АО)"
220328;"АКБ ""Легион"" (АО)"
220329;"ООО КБ ""Уралфинанс"""
220330;"ООО ""Америкэн Экспресс Банк"""
220331;"ИКБР ""ЯРИНТЕРБАНК"" (ООО)"
220332;"КБ ""Канский"" ООО"
220333;"АО КБ ""ФорБанк"""
220334;"ПАО НКБ ""РАДИОТЕХБАНК"""
220335;АО Банк Инноваций и Развития
220336;АКБ ДЕРЖАВА ПАО
220337;БАЛАКОВО-БАНК (АО)
220339;"АО УКБ ""БЕЛГОРОДСОЦБАНК"""
220340;"АО Банк ""Развитие-Столица"""
220341;"КБ ""Ренессанс Кредит"" (ООО)"
220342;"Инвестиционный Банк ""ВЕСТА"" (ООО)"
220343;АО БАНК ФИНАМ
220344;"ООО ""НОВОКИБ"""
220345;"ООО ""РАМ Банк"""
220346;"ООО ""Промсельхозбанк"""
220347;"ООО КБ ""СИНКО-БАНК"""
220348;БУМ-БАНК, ООО
220350;АО КБ СОЛИДАРНОСТЬ
220351;"АО КИБ ""ЕВРОАЛЬЯНС"""
220352;"ПАО ""ОФК Банк"""
220353;"ООО КБ ""Агросоюз"""
220354;"АО КБ ""ПОЙДЁМ!"""
220355;"АО ""БАНК РЕАЛИСТ"" - Архив"
220356;АО АКБ МЕЖДУНАРОДНЫЙ ФИНАНСОВЫЙ КЛУБ
220357;РОСКОМСНАББАНК (ПАО)
220358;"ООО КБ ""Нэклис-Банк"""
220359;Джей энд Ти Банк (АО)
220360;"ПАО АКБ ""Металлинвестбанк"""
220361;"АРКБ ""Росбизнесбанк"" (ПАО)"
220362;"АО ""БКС БАНК"""
220363;"Банк ""ТРАСТ"" (ПАО)"
220364;"АО НКО ""ПКД"""
220365;"Банк ""Прохладный"" ООО"
220366;"ПАО ""Донкомбанк"""
220367;АО НОКССБАНК
220368;АО ГРАНД ИНВЕСТ БАНК
220369;"АО ""РУНА-БАНК"""
220370;ПартнерКапиталБанк (АО)
220371;РИАБАНК (АО)
220372;"АО ""Нордеа Банк"""
220373;"ООО КБ ""Кредит Экспресс"""
220374;ПАО МЕТКОМБАНК
220375;"БАНК ""УССУРИ"" (АО)"
220376;"ООО КБ ""КРЕДИТИНВЕСТ"""
220377;"АКБ ""Новый Кредитный Союз"" (АО)"
220378;ПАО Банк ЗЕНИТ
220379;"АО ""Роял кредит Банк"""
220380; ООО «ФФИН БАНК»
220381;АО ЭКОНОМБАНК
220382;БСТ-БАНК АО
220383;ЭКСИ-БАНК (АО)
220384;"ООО ""ФФИН Банк"""
220385;"АО ""МАЙКОПБАНК"""
220386;"АО ""ИТ Банк"""
220387;РУБЛЕВ
220388;"АО БАНК ""СОВЕТСКИЙ"""
220389;"ООО РНКО ""РИБ"""
220390;АКБ ТЕНДЕР-БАНК АО
220391;"Банк ""Кузнецкий мост"" АО"
220392;"КБ ""РТБК"" (ООО)"
220393;"КБ ""СИСТЕМА"" ООО - Архив"
220394;УМ-Банк ООО
220395;"НКО АО ""ЛИДЕР"""
220396;"ООО ""НКО ""Глобал Эксчейндж"""
220398;"АО НКО ""ЭЛЕКСНЕТ"""
220399;"ПАО Комбанк ""Химик"""
220410;Национальный банк Республики Южная Осетия
220412;"ООО НКО ""ЮМани"""
220413;"РНКО ""Деньги.Мэйл.ру"" (ООО)"
220415; Банк «СКС» ООО
220416;"ООО НКО ""Платежный Стандарт"""
220418;"ООО НКО ""Мобильная карта"""
220419; НКО «Русское финансовое общество» (ООО) 
220424; ООО «ОЗОН Банк» (ЕКОМ Банк) 
220430;ЗАКРЫТОЕ АКЦИОНЕРНОЕ ОБЩЕСТВО БАНК ВТБ (АРМЕНИЯ)
220431; АО «Яндекс Банк»
220432; ООО «ОЗОН Банк» 
220439; АО «Свой Банк» (бывший  АКБ «Газнефтьбанк») 
220445; АО «Банк Инноваций и Развития» 
220447; Банк «РЕСО Кредит» (АО) 
220488;"АО ""СМП Банк"""
229018; АО «СЕВЕРГАЗБАНК» (АО «Банк СГБ») 
356299;Банк ГПБ (АО)
356504;"АКБ ""Алмазэргиэнбанк"" АО"
356514;"АО ""Россельхозбанк"""
356546;"АО ""Дальневосточный банк"""
400079; ПАО «АК Барс» Банк 
400680; ПАО «Сбербанк» 
404268; ПАО «МТС Банк» 
405870; ПАО Банк «ФК Открытие» 
415042; ПАО «Банк ВТБ» 
424917; АО «Тинькофф-Банк» 
424975; АО «Газпромбанк» 
426101; АО «Альфа-Банк» 
427427; ПАО «Сбербанк» 
427432; ПАО «Сбербанк» 
427602; ПАО «Сбербанк» 
427607; ПАО «Сбербанк» 
427612; ПАО «Сбербанк» 
427616; ПАО «Сбербанк» 
427618; ПАО «Сбербанк» 
427626; ПАО «Сбербанк» 
427630; ПАО «Сбербанк 
427631; ПАО «Сбербанк» 
427635; ПАО «Сбербанк» 
427636; ПАО «Сбербанк» 
427640; ПАО «Сбербанк» 
427650; ПАО «Сбербанк» 
427659; ПАО «Сбербанк» 
427662; ПАО «Сбербанк» 
427667; ПАО «Сбербанк» 
427668; ПАО «Сбербанк» 
427672; ПАО «Сбербанк» 
427675; ПАО «Сбербанк 
427938; ПАО «Сбербанк» 
430180; ПАО КБ «Уральский Банк Реконструкции и развития» (УБРиР) 
435303; АО «Россельхозбанк» 
437772; АО «Тинькофф-Банк» 
437773; АО «Тинькофф-Банк» 
458443; АО «Альфа-Банк» 
469395; АО «КИВИ Банк» 
479004; АО «Альфа-Банк» 
479087; АО «Альфа-Банк» 
481776; ПАО «Сбербанк» 
489347; ПАО «Банк ВТБ» 
518901; АО «Тинькофф-Банк» 
520935; ПАО «АК Барс» Банк 
521178; АО «Альфа-Банк» 
521324; АО «Тинькофф-Банк» 
521330; АО «ОТП Банк» 
522860; ПАО «Сбербанк» 
524655; ПАО «Московский Кредитный Банк» 
528041; АО «Тинькофф-Банк» 
530827; АО «Альфа-Банк» 
533669; ПАО «Сбербанк» 
535082; ПАО «Банк ВТБ» 
536672; ПАО «МТС Банк» 
536829; ПАО «Банк ВТБ» 
537965; АО «Райффайзенбанк» 
539877; АО «Россельхозбанк» 
546901; ПАО «Сбербанк» 
546912; ПАО «Сбербанк» 
546916; ПАО «Сбербанк» 
546918; ПАО «Сбербанк» 
546927; ПАО «Сбербанк» 
546940; ПАО «Сбербанк» 
546948; ПАО «Сбербанк» 
546952; ПАО «Сбербанк» 
546955; ПАО «Сбербанк» 
546967; ПАО «Сбербанк» 
546968; ПАО «Сбербанк» 
546970; ПАО «Сбербанк» 
546998; ПАО «Сбербанк» 
548406; ПАО «Сбербанк» 
548427; ПАО «Сбербанк» 
548430; ПАО «Сбербанк» 
548655; АО «Альфа-Банк» 
552175; АО «Альфа-Банк» 
553609; ПАО «Совкомбанк» 
553691; АО «Тинькофф-Банк» 
555949; АО «Альфа-Банк» 
559900; ООО НКО «ЮМани»
627119; АО «Альфа-Банк» 
639002; ПАО «Сбербанк» 
671182;"ПАО АКБ ""Приморье"""
676347;"ПАО КБ ""Центр-инвест"""
676454;Банк ГПБ (АО)
676531;"ПАО ""МИнБанк"""
676884;"ПАО ""МТС-Банк"""
676907;Банк ВТБ (ПАО)
677227;"АКБ ""Мосуралбанк"" (АО)"
677319;"АО Банк ""Венец"""
677384;"ПАО ""ЧЕЛЯБИНВЕСТБАНК"""
6234461;"АО ""Россельхозбанк"""
22000101;Банк ГПБ (АО)
22000102;Банк ГПБ (АО)
22000103;Банк ГПБ (АО)
22000104;Банк ГПБ (АО)
22000105;Банк ГПБ (АО)
22000106;Банк ГПБ (АО)
22000201;РНКБ Банк (ПАО)
22000202;РНКБ Банк (ПАО)
22000203;РНКБ Банк (ПАО)
22000204;РНКБ Банк (ПАО)
22000205;РНКБ Банк (ПАО)
22000206;РНКБ Банк (ПАО)
22000207;РНКБ Банк (ПАО)
22000208;РНКБ Банк (ПАО)
22000209;РНКБ Банк (ПАО)
22000210;РНКБ Банк (ПАО)
22000211;РНКБ Банк (ПАО)
22000212;РНКБ Банк (ПАО)
22000213;РНКБ Банк (ПАО)
22000301;"ПАО ""Промсвязьбанк"""
22000302;"ПАО ""Промсвязьбанк"""
22000303;"ПАО ""Промсвязьбанк"""
22000304;"ПАО ""Промсвязьбанк"""
22000305;"ПАО ""Промсвязьбанк"""
22000306;"ПАО ""Промсвязьбанк"""
22000307;"ПАО ""Промсвязьбанк"""
22000308;"ПАО ""Промсвязьбанк"""
22000401;"АО ""Банк Русский Стандарт"""
22000402;"АО ""Банк Русский Стандарт"""
22000403;"АО ""Банк Русский Стандарт"""
22000404;"АО ""Банк Русский Стандарт"""
22000501;"ПАО ""РГС Банк"""
22000502;"ПАО ""РГС Банк"""
22000503;"ПАО ""РГС Банк"""
22000504;"ПАО ""РГС Банк"""
22000505;"ПАО ""РГС Банк"""
22000506;"ПАО ""РГС Банк"""
22000507;"ПАО ""РГС Банк"""
22000508;"ПАО ""РГС Банк"""
22000509;"ПАО ""РГС Банк"""
22000601;"ПАО ""Промсвязьбанк"""
22000602;"ПАО ""Промсвязьбанк"""
22000603;"ПАО ""Промсвязьбанк"""
22000604;"ПАО ""Промсвязьбанк"""
22000605;"ПАО ""Промсвязьбанк"""
22000606;"ПАО ""Промсвязьбанк"""
22000701;"АО ""ГЕНБАНК"""
22000702;"АО ""ГЕНБАНК"""
22000703;"АО ""ГЕНБАНК"""
22000704;"АО ""ГЕНБАНК"""
22000705;"АО ""ГЕНБАНК"""
22000801;"АО ""АБ ""РОССИЯ"""
22000802;"АО ""АБ ""РОССИЯ"""
22000803;"АО ""АБ ""РОССИЯ"""
22000804;"АО ""АБ ""РОССИЯ"""
22000805;"АО ""АБ ""РОССИЯ"""
22000806;"АО ""АБ ""РОССИЯ"""
22000807;"АО ""АБ ""РОССИЯ"""
22000809;"АО ""АБ ""РОССИЯ"""
22000901;"ПАО ""ЧЕЛИНДБАНК"""
22000902;"ПАО ""ЧЕЛИНДБАНК"""
22000904;"ПАО ""ЧЕЛИНДБАНК"""
22001001;"АО ""ВБРР"""
22001002;"АО ""ВБРР"""
22001003;"АО ""ВБРР"""
22001004;"АО ""ВБРР"""
22001005;"АО ""ВБРР"""
22001101;"Банк ""Левобережный"" (ПАО)"
22001102;"Банк ""Левобережный"" (ПАО)"
22001103;"Банк ""Левобережный"" (ПАО)"
22001104;"Банк ""Левобережный"" (ПАО)"
22001105;"Банк ""Левобережный"" (ПАО)"
22001106;"Банк ""Левобережный"" (ПАО)"
22001201;"ООО КБ ""Геобанк"""
22001202;"ООО КБ ""Геобанк"""
22001203;"ООО КБ ""Геобанк"""
22001204;"ООО КБ ""Геобанк"""
22001205;"ООО КБ ""Геобанк"""
22001206;"ООО КБ ""Геобанк"""
22001207;"ООО КБ ""Геобанк"""
22001208;"ООО КБ ""Геобанк"""
22001209;"ООО КБ ""Геобанк"""
22001301;"ПАО ""Запсибкомбанк"""
22001302;"ПАО ""Запсибкомбанк"""
22001303;"ПАО ""Запсибкомбанк"""
22001401;"АО ""КС БАНК"""
22001402;"АО ""КС БАНК"""
22001403;"АО ""КС БАНК"""
22001404;"АО ""КС БАНК"""
22001501;"АО ""АЛЬФА-БАНК"""
22001502;"АО ""АЛЬФА-БАНК"""
22001505;"АО ""АЛЬФА-БАНК"""
22001601;"ПАО ""ЧЕЛЯБИНВЕСТБАНК"""
22001602;"ПАО ""ЧЕЛЯБИНВЕСТБАНК"""
22001603;"ПАО ""ЧЕЛЯБИНВЕСТБАНК"""
22001604;"ПАО ""ЧЕЛЯБИНВЕСТБАНК"""
22001701;"ПАО КБ ""Центр-инвест"""
22001702;"ПАО КБ ""Центр-инвест"""
22001704;"ПАО КБ ""Центр-инвест"""
22001705;"ПАО КБ ""Центр-инвест"""
22001706;"ПАО КБ ""Центр-инвест"""
22001801;"АО ""Банк СГБ"""
22001802;"АО ""Банк СГБ"""
22001803;"АО ""Банк СГБ"""
22001804;"АО ""Банк СГБ"""
22001901;"ПАО ""БАНК УРАЛСИБ"""
22001902;"ПАО ""БАНК УРАЛСИБ"""
22001904;"ПАО ""БАНК УРАЛСИБ"""
22001905;"ПАО ""БАНК УРАЛСИБ"""
22001907;"ПАО ""БАНК УРАЛСИБ"""
22001908;"ПАО ""БАНК УРАЛСИБ"""
22002001;"ПАО ""МИнБанк"""
22002002;"ПАО ""МИнБанк"""
22002003;"ПАО ""МИнБанк"""
22002101;"ПАО Банк ""АЛЕКСАНДРОВСКИЙ"""
22002102;"ПАО Банк ""АЛЕКСАНДРОВСКИЙ"""
22002201;"ПАО Банк ""ФК Открытие"""
22002202;"ПАО Банк ""ФК Открытие"""
22002203;"ПАО Банк ""ФК Открытие"""
22002301;"ПАО АКБ ""АВАНГАРД"""
22002302;"ПАО АКБ ""АВАНГАРД"""
22002303;"ПАО АКБ ""АВАНГАРД"""
22002304;"ПАО АКБ ""АВАНГАРД"""
22002305;"ПАО АКБ ""АВАНГАРД"""
22002306;"ПАО АКБ ""АВАНГАРД"""
22002307;"ПАО АКБ ""АВАНГАРД"""
22002401;Банк ВТБ (ПАО)
22002402;Банк ВТБ (ПАО)
22002403;Банк ВТБ (ПАО)
22002404;Банк ВТБ (ПАО)
22002405;Банк ВТБ (ПАО)
22002406;Банк ВТБ (ПАО)
22002407;Банк ВТБ (ПАО)
22002408;Банк ВТБ (ПАО)
22002409;Банк ВТБ (ПАО)
22002410;Банк ВТБ (ПАО)
22002411;Банк ВТБ (ПАО)
22002412;Банк ВТБ (ПАО)
22002413;Банк ВТБ (ПАО)
22002501;СДМ-Банк (ПАО)
22002502;СДМ-Банк (ПАО)
22002503;СДМ-Банк (ПАО)
22002504;СДМ-Банк (ПАО)
22002601;"ПАО ""МОСКОВСКИЙ КРЕДИТНЫЙ БАНК"""
22002602;"ПАО ""МОСКОВСКИЙ КРЕДИТНЫЙ БАНК"""
22002603;"ПАО ""МОСКОВСКИЙ КРЕДИТНЫЙ БАНК"""
22002704;"ПАО ""Совкомбанк"""
22002705;"ПАО ""Совкомбанк"""
22002706;"ПАО ""Совкомбанк"""
22002707;"ПАО ""Совкомбанк"""
22002801;"ПАО ""МТС-Банк"""
22002802;"ПАО ""МТС-Банк"""
22002803;"ПАО ""МТС-Банк"""
22002901;"ПАО Банк ""ФК Открытие"""
22002902;"ПАО Банк ""ФК Открытие"""
22002903;"ПАО Банк ""ФК Открытие"""
22002904;"ПАО Банк ""ФК Открытие"""
22002905;"ПАО Банк ""ФК Открытие"""
22003001;"АО ""Райффайзенбанк"""
22003101;"Банк ""Возрождение"" (ПАО)"
22003102;"Банк ""Возрождение"" (ПАО)"
22003103;"Банк ""Возрождение"" (ПАО)"
22003104;"Банк ""Возрождение"" (ПАО)"
22003201;"ПАО БАНК ""СИАБ"""
22003202;"ПАО БАНК ""СИАБ"""
22003203;"ПАО БАНК ""СИАБ"""
22003301;"ПАО ""Банк ""Санкт-Петербург"""
22003302;"ПАО ""Банк ""Санкт-Петербург"""
22003303;"ПАО ""Банк ""Санкт-Петербург"""
22003304;"ПАО ""Банк ""Санкт-Петербург"""
22003305;"ПАО ""Банк ""Санкт-Петербург"""
22003306;"ПАО ""Банк ""Санкт-Петербург"""
22003307;"ПАО ""Банк ""Санкт-Петербург"""
22003308;"ПАО ""Банк ""Санкт-Петербург"""
22003309;"ПАО ""Банк ""Санкт-Петербург"""
22003310;"ПАО ""Банк ""Санкт-Петербург"""
22003311;"ПАО ""Банк ""Санкт-Петербург"""
22003401;"АО ""Кредит Европа Банк (Россия)"""
22003504;"ПАО БАНК ""ЮГРА"""
22003506;"ПАО БАНК ""ЮГРА"""
22003601;"ПАО ""Татфондбанк"""
22003602;"ПАО ""Татфондбанк"""
22003701;ПАО Банк ЗЕНИТ
22003801;"АО ""Россельхозбанк"""
22003802;"АО ""Россельхозбанк"""
22003803;"АО ""Россельхозбанк"""
22003804;"АО ""Россельхозбанк"""
22003901;ПАО РОСБАНК
22003902;ПАО РОСБАНК
22003903;ПАО РОСБАНК
22003904;ПАО РОСБАНК
22003905;ПАО РОСБАНК
22003906;ПАО РОСБАНК
22003907;ПАО РОСБАНК
22003908;ПАО РОСБАНК
22004101;"ОАО АК ""БайкалБанк"""
22004201;"АО ""Банк Дом.РФ"""
22004202;"АО ""Банк Дом.РФ"""
22004203;"АО ""Банк Дом.РФ"""
22004303;"АО ""Севастопольский Морской банк"""
22004304;"АО ""Севастопольский Морской банк"""
22004501;"ПАО КБ ""УБРиР"""
22004502;"ПАО КБ ""УБРиР"""
22004601;"АО МКБ ""ДОМ-БАНК"""
22004602;"АО МКБ ""ДОМ-БАНК"""
22004701;ПАО МОСОБЛБАНК
22004702;ПАО МОСОБЛБАНК
22004703;ПАО МОСОБЛБАНК
22004704;ПАО МОСОБЛБАНК
22004801;"ПАО ""СКБ-банк"""
22004802;"ПАО ""СКБ-банк"""
22004803;"ПАО ""СКБ-банк"""
22004805;"ПАО ""СКБ-банк"""
22004901;Банк СОЮЗ (АО)
22004902;Банк СОЮЗ (АО)
22004903;Банк СОЮЗ (АО)
22004904;Банк СОЮЗ (АО)
22005001;"ООО ""ХКФ Банк"""
22005002;"ООО ""ХКФ Банк"""
22005202;БАНК ИПБ (АО)
22005203;БАНК ИПБ (АО)
22005204;БАНК ИПБ (АО)
22005301;"ПАО ""АК БАРС"" БАНК"
22005302;"ПАО ""АК БАРС"" БАНК"
22005303;"ПАО ""АК БАРС"" БАНК"
22005402;"АО ""Дальневосточный банк"""
22005403;"АО ""Дальневосточный банк"""
22005404;"АО ""Дальневосточный банк"""
22005406;"АО ""Дальневосточный банк"""
22005501;"АКБ ""Алмазэргиэнбанк"" АО"
22005503;"АКБ ""Алмазэргиэнбанк"" АО"
22005505;"АКБ ""Алмазэргиэнбанк"" АО"
22005601;"Банк ""КУБ"" (АО)"
22005602;"Банк ""КУБ"" (АО)"
22005603;"Банк ""КУБ"" (АО)"
22005604;"Банк ""КУБ"" (АО)"
22005701;"РНКО ""Платежный Центр"" (ООО)"
22005801;"АО БАНК ""СНГБ"""
22005802;"АО БАНК ""СНГБ"""
22005803;"АО БАНК ""СНГБ"""
22005901;ТКБ БАНК ПАО
22005902;ТКБ БАНК ПАО
22005903;ТКБ БАНК ПАО
22005904;ТКБ БАНК ПАО
22005905;ТКБ БАНК ПАО
22006001;Азиатско-Тихоокеанский Банк (АО)
22006002;Азиатско-Тихоокеанский Банк (АО)
22006101;"АО ""Саровбизнесбанк"""
22006102;"АО ""Саровбизнесбанк"""
22006103;"АО ""Саровбизнесбанк"""
22006104;"АО ""Саровбизнесбанк"""
22006201;ПАО Банк ЗЕНИТ
22006401;"ООО КБЭР ""Банк Казани"""
22006402;"ООО КБЭР ""Банк Казани"""
22006403;"ООО КБЭР ""Банк Казани"""
22006404;"ООО КБЭР ""Банк Казани"""
22006501;Банк ВТБ (ПАО)
22006502;Банк ВТБ (ПАО)
22006503;Банк ВТБ (ПАО)
22006504;Банк ВТБ (ПАО)
22006505;Банк ВТБ (ПАО)
22006506;Банк ВТБ (ПАО)
22006508;Банк ВТБ (ПАО)
22006601;"ПАО СКБ Приморья ""Примсоцбанк"""
22006602;"ПАО СКБ Приморья ""Примсоцбанк"""
22006603;"ПАО СКБ Приморья ""Примсоцбанк"""
22006604;"ПАО СКБ Приморья ""Примсоцбанк"""
22006702;"ПАО АКБ ""Приморье"""
22006703;"ПАО АКБ ""Приморье"""
22006801;"ПАО ""Уралтрансбанк"""
22006802;"ПАО ""Уралтрансбанк"""
22006803;"ПАО ""Уралтрансбанк"""
22006804;"ПАО ""Уралтрансбанк"""
22006901;"АО КБ ""Хлынов"""
22006902;"АО КБ ""Хлынов"""
22006903;"АО КБ ""Хлынов"""
22007001;"АО ""Тинькофф Банк"""
22007002;"АО ""Тинькофф Банк"""
22007101;"ПАО КБ ""Восточный"""
22007102;"ПАО КБ ""Восточный"""
22007103;"ПАО КБ ""Восточный"""
22007304;КИВИ Банк АО
22007401;"ПАО ""Совкомбанк"""
22007501;"ООО ""Примтеркомбанк"""
22007502;"ООО ""Примтеркомбанк"""
22007601;РНКБ Банк (ПАО)
22007602;РНКБ Банк (ПАО)
22007603;РНКБ Банк (ПАО)
22007604;РНКБ Банк (ПАО)
22007605;РНКБ Банк (ПАО)
22007606;РНКБ Банк (ПАО)
22007609;РНКБ Банк (ПАО)
22007701;"АО ""Почта Банк"""
22007702;"АО ""Почта Банк"""
22007703;"АО ""Почта Банк"""
22007704;"АО ""Почта Банк"""
22007705;"АО ""Почта Банк"""
22007706;"АО ""Почта Банк"""
22007801;"АО АИКБ ""Енисейский объединенный банк"""
22007802;"АО АИКБ ""Енисейский объединенный банк"""
22008002;"ПАО Банк ""ФК Открытие"""
22008003;"ПАО Банк ""ФК Открытие"""
22008101;"ПАО Банк ""ВВБ"""
22008102;"ПАО Банк ""ВВБ"""
22008103;"ПАО Банк ""ВВБ"""
22008201;Муниципальный Камчатпрофитбанк (АО)
22008202;Муниципальный Камчатпрофитбанк (АО)
22008203;Муниципальный Камчатпрофитбанк (АО)
22008204;Муниципальный Камчатпрофитбанк (АО)
22008301;ПАО Ставропольпромстройбанк
22008302;ПАО Ставропольпромстройбанк
22008401;АО ЮниКредит Банк
22008701;"АО ""БАНК ОРЕНБУРГ"""
22008702;"АО ""БАНК ОРЕНБУРГ"""
22008703;"АО ""БАНК ОРЕНБУРГ"""
22008704;"АО ""БАНК ОРЕНБУРГ"""
22008705;"АО ""БАНК ОРЕНБУРГ"""
22008706;"АО ""БАНК ОРЕНБУРГ"""
22008707;"АО ""БАНК ОРЕНБУРГ"""
22008708;"АО ""БАНК ОРЕНБУРГ"""
22008709;"АО ""БАНК ОРЕНБУРГ"""
22008901;"АО Банк ""Венец"""
22009101;"АО ""Датабанк"""
22009102;"АО ""Датабанк"""
22009103;"АО ""Датабанк"""
22009201;Нацинвестпромбанк (АО)
22009301;"АО ""ТАТСОЦБАНК"""
22009302;"АО ""ТАТСОЦБАНК"""
22009303;"АО ""ТАТСОЦБАНК"""
22009304;"АО ""ТАТСОЦБАНК"""
22009501;"КБ ""Кубань Кредит"" ООО"
22009502;"КБ ""Кубань Кредит"" ООО"
22009503;"КБ ""Кубань Кредит"" ООО"
22009504;"КБ ""Кубань Кредит"" ООО"
22009601;"ПАО ""Банк ""Екатеринбург"""
22009602;"ПАО ""Банк ""Екатеринбург"""
22009603;"ПАО ""Банк ""Екатеринбург"""
22009604;"ПАО ""Банк ""Екатеринбург"""
22009701;"ООО ""Хакасский муниципальный банк"""
22009702;"ООО ""Хакасский муниципальный банк"""
22009802;"АКБ ""ФОРА-БАНК"" (АО)"
22009901;"АО ""Банк ""Агророс"""
22010001;Банк России
22010401;"АО КБ ""ЮНИСТРИМ"""
22010402;"АО КБ ""ЮНИСТРИМ"""
22010501;"ПАО ""Межтопэнергобанк"""
22010502;"ПАО ""Межтопэнергобанк"""
22010601;"ООО БАНК ""АВЕРС"""
22010701;"АКБ ""АлтайБизнес-Банк"" (АО)"
22010705;"АКБ ""АлтайБизнес-Банк"" (АО)"
22010706;"АКБ ""АлтайБизнес-Банк"" (АО)"
22010707;"АКБ ""АлтайБизнес-Банк"" (АО)"
22010708;"АКБ ""АлтайБизнес-Банк"" (АО)"
22010801;"АО ""Банк ""Вологжанин"""
22010802;"АО ""Банк ""Вологжанин"""
22010803;"АО ""Банк ""Вологжанин"""
22010804;"АО ""Банк ""Вологжанин"""
22010805;"АО ""Банк ""Вологжанин"""
22010806;"АО ""Банк ""Вологжанин"""
22010901;"АКИБ ""ОБРАЗОВАНИЕ"" (АО)"
22010902;"АКИБ ""ОБРАЗОВАНИЕ"" (АО)"
22011001;ПАО Банк ЗЕНИТ
22011002;ПАО Банк ЗЕНИТ
22011003;ПАО Банк ЗЕНИТ
22011201;"АО ""Кузнецкбизнесбанк"""
22011202;"АО ""Кузнецкбизнесбанк"""
22011203;"АО ""Кузнецкбизнесбанк"""
22011204;"АО ""Кузнецкбизнесбанк"""
22011205;"АО ""Кузнецкбизнесбанк"""
22011301;ПАО Банк ЗЕНИТ
22011501;"АО ""АК Банк"""
22011601;"АО КБ ""Ситибанк"""
22011701;"АО ""Автоградбанк"""
22011702;"АО ""Автоградбанк"""
22011703;"АО ""Автоградбанк"""
22011901;"Банк ""Снежинский"" АО"
22011902;"Банк ""Снежинский"" АО"
22011903;"Банк ""Снежинский"" АО"
22012001;"АО Банк ""Национальный стандарт"""
22012002;"АО Банк ""Национальный стандарт"""
22012201;"АО АКБ ""ЕВРОФИНАНС МОСНАРБАНК"""
22012202;"АО АКБ ""ЕВРОФИНАНС МОСНАРБАНК"""
22012203;"АО АКБ ""ЕВРОФИНАНС МОСНАРБАНК"""
22012301;"ООО Банк ""Саратов"""
22012401;"Банк ""Первомайский"" (ПАО)"
22012502;"КБ ""ЭНЕРГОТРАНСБАНК"" (АО)"
22012503;"КБ ""ЭНЕРГОТРАНСБАНК"" (АО)"
22012601;"КБ ""МФБанк"" ООО"
22012701;"ПАО ""РосДорБанк"""
22012702;"ПАО ""РосДорБанк"""
22012901;"ООО ""Земский банк"""
22012902;"ООО ""Земский банк"""
22013002;"АО ""Банк ЧБРР"""
22013004;"АО ""Банк ЧБРР"""
22013101;"АО ""Телекоммерц Банк"""
22013301;"ПАО ""Норвик Банк"""
22013302;"ПАО ""Норвик Банк"""
22013303;"ПАО ""Норвик Банк"""
22013304;"ПАО ""Норвик Банк"""
22013401;ББР Банк (АО)
22013402;ББР Банк (АО)
22013501;"АКБ ""НООСФЕРА"" (АО)"
22013502;"АКБ ""НООСФЕРА"" (АО)"
22013503;"АКБ ""НООСФЕРА"" (АО)"
22013504;"АКБ ""НООСФЕРА"" (АО)"
22013601;"АКБ ""Трансстройбанк"" (АО)"
22014001;"АО ""Газэнергобанк"""
22014002;"АО ""Газэнергобанк"""
22014003;"АО ""Газэнергобанк"""
22014101;"АО ""АКТИВ БАНК"""
22014201;"КБ ""Гарант-Инвест"" (АО)"
22014301;"ПАО ""КВАНТ МОБАЙЛ БАНК"""
22014401;СИБСОЦБАНК ООО
22014402;СИБСОЦБАНК ООО
22014403;СИБСОЦБАНК ООО
22014601;ЮГ-Инвестбанк (ПАО)
22014701;"ООО ""Экспобанк"""
22014801;"Банк ""ИТУРУП"" (ООО)"
22014802;"Банк ""ИТУРУП"" (ООО)"
22014901;"АО КБ ""АГРОПРОМКРЕДИТ"""
22014902;"АО КБ ""АГРОПРОМКРЕДИТ"""
22014903;"АО КБ ""АГРОПРОМКРЕДИТ"""
22014904;"АО КБ ""АГРОПРОМКРЕДИТ"""
22015001;"АО Банк ""ПСКБ"""
22015301;"ПАО ""Промсвязьбанк"""
22015302;"ПАО ""Промсвязьбанк"""
22015401;Братский АНКБ АО
22015501;"ООО банк ""Элита"""
22015602;АО АКБ НОВИКОМБАНК
22015603;АО АКБ НОВИКОМБАНК
22015604;АО АКБ НОВИКОМБАНК
22015701;"ООО ""Камкомбанк"""
22015702;"ООО ""Камкомбанк"""
22015801;"ООО КБ ""КОЛЬЦО УРАЛА"""
22015802;"ООО КБ ""КОЛЬЦО УРАЛА"""
22015901;Северный Народный Банк (ПАО)
22015902;Северный Народный Банк (ПАО)
22015903;Северный Народный Банк (ПАО)
22016102;"Банк ""Йошкар-Ола"" (ПАО)"
22016103;"Банк ""Йошкар-Ола"" (ПАО)"
22016201;"ПАО Банк ""Кузнецкий"""
22016202;"ПАО Банк ""Кузнецкий"""
22016303;"АО ""АКТИВ БАНК"""
22016304;"АО ""АКТИВ БАНК"""
22016401;"АО АКБ ""ГАЗБАНК"""
22016402;"АО АКБ ""ГАЗБАНК"""
22016403;"АО АКБ ""ГАЗБАНК"""
22016404;"АО АКБ ""ГАЗБАНК"""
22016501;"АО ""ГОРБАНК"""
22016601;"АКБ ""Форштадт"" (АО)"
22016701;"АО ""УРАЛПРОМБАНК"""
22016702;"АО ""УРАЛПРОМБАНК"""
22016703;"АО ""УРАЛПРОМБАНК"""
22016901;"ПАО ""Витабанк"""
22017001;"АКБ ""Энергобанк"" (ПАО)"
22017101;"АО ""ТЭМБР-БАНК"""
22017102;"АО ""ТЭМБР-БАНК"""
22017103;"АО ""ТЭМБР-БАНК"""
22017201;"АО ""Банк Финсервис"""
22017202;"АО ""Банк Финсервис"""
22017203;"АО ""Банк Финсервис"""
22017301;"Банк ""Таатта"" АО"
22017401;"АКБ ""ЧУВАШКРЕДИТПРОМБАНК"" (ПАО)"
22017402;"АКБ ""ЧУВАШКРЕДИТПРОМБАНК"" (ПАО)"
22017403;"АКБ ""ЧУВАШКРЕДИТПРОМБАНК"" (ПАО)"
22017404;"АКБ ""ЧУВАШКРЕДИТПРОМБАНК"" (ПАО)"
22017501;"АО КБ ""Ассоциация"""
22017502;"АО КБ ""Ассоциация"""
22017801;МОРСКОЙ БАНК (АО)
22017901;"ПАО ""Промсвязьбанк"""
22018001;"АО БАНК ""НБТ"""
22018002;"АО БАНК ""НБТ"""
22018003;"АО БАНК ""НБТ"""
22018101;"АО ""БАНК ОРЕНБУРГ"""
22018201;"ПАО ""Камчаткомагропромбанк"""
22018402;"АО КБ ""ИС Банк"""
22018404;"АО КБ ""ИС Банк"""
22018501;Тимер Банк (АО)
22018502;Тимер Банк (АО)
22018503;Тимер Банк (АО)
22018601;"ООО ""АЛТЫНБАНК"""
22018701;"АО ""ВЛАДБИЗНЕСБАНК"""
22018702;"АО ""ВЛАДБИЗНЕСБАНК"""
22018703;"АО ""ВЛАДБИЗНЕСБАНК"""
22018704;"АО ""ВЛАДБИЗНЕСБАНК"""
22018801;"ПАО ""БЫСТРОБАНК"""
22018802;"ПАО ""БЫСТРОБАНК"""
22019301;КБ СЕВЕРНЫЙ КРЕДИТ (АО)
22019304;КБ СЕВЕРНЫЙ КРЕДИТ (АО)
22019501;"АО ""Банк Акцепт"""
22019502;"АО ""Банк Акцепт"""
22019503;"АО ""Банк Акцепт"""
22019504;"АО ""Банк Акцепт"""
22019601;"АО ""ОТП Банк"""
22019602;"АО ""ОТП Банк"""
22019603;"АО ""ОТП Банк"""
22019901;АО СОЛИД БАНК
22019902;АО СОЛИД БАНК
22021001;Таврический Банк (АО)
22021002;Таврический Банк (АО)
22021201;АО МОСКОМБАНК
22021202;АО МОСКОМБАНК
22021401;"АО КБ ""УРАЛ ФД"""
22021402;"АО КБ ""УРАЛ ФД"""
22021701;"ПАО ""АКИБАНК"""
22021702;"ПАО ""АКИБАНК"""
22022001;ПАО Сбербанк
22022002;ПАО Сбербанк
22022003;ПАО Сбербанк
22022004;ПАО Сбербанк
22022005;ПАО Сбербанк
22022006;ПАО Сбербанк
22022007;ПАО Сбербанк
22022008;ПАО Сбербанк
22022009;ПАО Сбербанк
22022010;ПАО Сбербанк
22022011;ПАО Сбербанк
22022012;ПАО Сбербанк
22022013;ПАО Сбербанк
22022014;ПАО Сбербанк
22022015;ПАО Сбербанк
22022016;ПАО Сбербанк
22022017;ПАО Сбербанк
22022018;ПАО Сбербанк
22022019;ПАО Сбербанк
22022020;ПАО Сбербанк
22022021;ПАО Сбербанк
22022022;ПАО Сбербанк
22022023;ПАО Сбербанк
22022024;ПАО Сбербанк
22022025;ПАО Сбербанк
22022026;ПАО Сбербанк
22022027;ПАО Сбербанк
22022028;ПАО Сбербанк
22022029;ПАО Сбербанк
22022030;ПАО Сбербанк
22022031;ПАО Сбербанк
22022032;ПАО Сбербанк
22022033;ПАО Сбербанк
22022034;ПАО Сбербанк
22022035;ПАО Сбербанк
22022040;ПАО Сбербанк
22022041;ПАО Сбербанк
22022042;ПАО Сбербанк
22022043;ПАО Сбербанк
22022044;ПАО Сбербанк
22022050;ПАО Сбербанк
22022051;ПАО Сбербанк
22022052;ПАО Сбербанк
22022053;ПАО Сбербанк
22022055;ПАО Сбербанк
22022056;ПАО Сбербанк
22022057;ПАО Сбербанк
22022058;ПАО Сбербанк
22022059;ПАО Сбербанк
22022101;"АО ""ИК БАНК"""
22022801;"АО ""НС БАНК"""
22022802;"АО ""НС БАНК"""
22023101;"АО ""УГЛЕМЕТБАНК"""
22023201;"АО ""Кредпромбанк"""
22023202;"АО ""Кредпромбанк"""
22023401;"ООО ""УралКапиталБанк"""
22023601;Банк Пермь (АО)
22024201;"АО ""РТС-Банк"""
22024202;"АО ""РТС-Банк"""
22024203;"АО ""РТС-Банк"""
22024801;"ООО КБ ""Аксонбанк"""
22024902;АО КБ СОЛИДАРНОСТЬ
22025201;"ПАО ""Совкомбанк"""
22025301;АО АКБ АЛЕФ-БАНК
22025501;"ПАО ""НИКО-БАНК"""
22025601;"ПАО УКБ ""НОВОБАНК"""
22025602;"ПАО УКБ ""НОВОБАНК"""
22025701;"ООО ""ЖИВАГО БАНК"""
22025801;"АКБ ""ЛАНТА-БАНК"" (АО)"
22025901;"ПАО ""НБД-Банк"""
22025902;"ПАО ""НБД-Банк"""
22026001;"БАНК ""НЕЙВА"" ООО"
22027401;"ПАО ""ТОМСКПРОМСТРОЙБАНК"""
22027801;"АО ""Тольяттихимбанк"""
22027802;"АО ""Тольяттихимбанк"""
22027901;"КБ ""Долинск"" (АО)"
22028801;"АО ""ВостСибтранскомбанк"""
22030101;"ПАО ""ЭНЕРГОМАШБАНК"""
22030401;"ПАО АКБ ""Акцент"""
22031301;"КБ ""Спутник"" (ПАО)"
22032001;"ООО КБ ""Славянский кредит"""
22032002;"ООО КБ ""Славянский кредит"""
22032101;"АО ""Кранбанк"""
22032201;ООО КБ РОСТФИНАНС
22032401;Прио-Внешторгбанк (ПАО)
22032502;"АО БАНК ""ТКПБ"""
22032503;"АО БАНК ""ТКПБ"""
22032901;"ООО КБ ""Уралфинанс"""
22033101;"ИКБР ""ЯРИНТЕРБАНК"" (ООО)"
22033102;"ИКБР ""ЯРИНТЕРБАНК"" (ООО)"
22033201;"КБ ""Канский"" ООО"
22033901;"АО УКБ ""БЕЛГОРОДСОЦБАНК"""
22033902;"АО УКБ ""БЕЛГОРОДСОЦБАНК"""
22034101;"КБ ""Ренессанс Кредит"" (ООО)"
22034102;"КБ ""Ренессанс Кредит"" (ООО)"
22034103;"КБ ""Ренессанс Кредит"" (ООО)"
22034401;"ООО ""НОВОКИБ"""
22034801;БУМ-БАНК, ООО
22035101;"АО КИБ ""ЕВРОАЛЬЯНС"""
22035301;"ООО КБ ""Агросоюз"""
22035302;"ООО КБ ""Агросоюз"""
22035701;РОСКОМСНАББАНК (ПАО)
22035702;РОСКОМСНАББАНК (ПАО)
22036501;"Банк ""Прохладный"" ООО"
22037401;ПАО МЕТКОМБАНК
22038101;АО ЭКОНОМБАНК
22038301;ЭКСИ-БАНК (АО)
22038501;"АО ""МАЙКОПБАНК"""
22038502;"АО ""МАЙКОПБАНК"""
22038503;"АО ""МАЙКОПБАНК"""
22038701;РУБЛЕВ
22041001;Национальный банк Республики Южная Осетия
22041501;"БАНК ""СКС"" (ООО)"
22041502;"БАНК ""СКС"" (ООО)"
22041601;"ООО НКО ""Платежный Стандарт"""
22041901;"НКО ""Русское финансовое общество"" (ООО)"
22048801;"АО ""СМП Банк"""
22048802;"АО ""СМП Банк"""
22048803;"АО ""СМП Банк"""
22048804;"АО ""СМП Банк"""
22048805;"АО ""СМП Банк"""
22048806;"АО ""СМП Банк"""
22048807;"АО ""СМП Банк"""
62912901;АО КБ СОЛИДАРНОСТЬ
62915700;"АО ""ВБРР"""
62924402;"ПАО ""Промсвязьбанк"""
